{"cameraMode":{"drawMode":0,"name":"Shaded","section":"Shading Mode"},"sceneLighting":false,"audioPlay":false,"sceneViewState":{"showFog":false,"showMaterialUpdate":false,"showSkybox":false,"showFlares":false,"showImageEffects":false,"showParticleSystems":false},"in2DMode":false,"pivot":{"x":0.7489204406738281,"y":1.7905985116958619,"z":-0.5076614022254944},"rotation":{"x":-0.25540289282798769,"y":0.017979325726628305,"z":-0.004749642219394445,"w":-0.9666593074798584},"size":11.029157638549805,"orthographic":false}