{"cameraMode":{"drawMode":0,"name":"Shaded","section":"Shading Mode"},"sceneLighting":false,"audioPlay":false,"sceneViewState":{"showFog":false,"showMaterialUpdate":false,"showSkybox":false,"showFlares":false,"showImageEffects":false,"showParticleSystems":false},"in2DMode":false,"pivot":{"x":-0.05488213151693344,"y":0.00934371817857027,"z":-0.023910535499453546},"rotation":{"x":0.1296173483133316,"y":-0.784934937953949,"z":0.17544306814670564,"w":0.5799123048782349},"size":0.47186464071273806,"orthographic":false}