{"cameraMode":{"drawMode":0,"name":"Shaded","section":"Shading Mode"},"sceneLighting":false,"audioPlay":false,"sceneViewState":{"showFog":false,"showMaterialUpdate":false,"showSkybox":false,"showFlares":false,"showImageEffects":false,"showParticleSystems":false},"in2DMode":false,"pivot":{"x":12.576594352722168,"y":12.180511474609375,"z":-20.132495880126954},"rotation":{"x":0.013498643413186074,"y":-0.011998835951089859,"z":0.0001619356480659917,"w":0.9998399019241333},"size":39.76956558227539,"orthographic":true}